Category,Keyword
Analog,absolute innovation
Analog,accountability
Analog,achieve strategic
Analog,achieve strategic objectives
Analog,acquisition strategic
Analog,agency leadership
Analog,agile
Analog,appropriate esg
Analog,appropriate esg practices
Analog,arrangements risk management
Analog,assess risk
Analog,assure risk
Analog,audit
Analog,audit committee
Analog,audit finance
Analog,audit finance corporate
Analog,audit findings
Analog,auditor
Analog,aware risks
Analog,balances strategic actions
Analog,best manage risks
Analog,better customers
Analog,broader risk systems
Analog,business continuity
Analog,business continuity compliance
Analog,business continuity data
Analog,business continuity efforts
Analog,business continuity health
Analog,business continuity plan
Analog,business continuity plans
Analog,business continuity programs
Analog,business decisions
Analog,business leaders
Analog,business organization
Analog,business resiliency plan
Analog,business strategy
Analog,business strategy making
Analog,buying experience
Analog,called risk control
Analog,capital shareholders supervision
Analog,carefully consider risk
Analog,certain business continuity
Analog,certain risk
Analog,challenges risks risk
Analog,change esg matters
Analog,change leadership
Analog,change management
Analog,change management structure
Analog,change risk
Analog,changes business
Analog,changes company
Analog,changes companys
Analog,changes management
Analog,changes management limiting
Analog,changes management mitigate
Analog,changes management strategies
Analog,chose risk
Analog,chose risk later
Analog,chronic riskmanagement
Analog,client experience
Analog,client promoter scores
Analog,clients customers experience
Analog,clients experienced
Analog,climate goals
Analog,committed sustainability
Analog,committee corporate governance
Analog,company experience
Analog,company involves risk
Analog,company operates risk
Analog,companys risk management
Analog,compliance risk management
Analog,comprehensive business continuity
Analog,conduct thecharters audit
Analog,consider risk
Analog,consider risk factors
Analog,contains corporate governance
Analog,control changes management
Analog,control governance
Analog,controls risk
Analog,controls risk management
Analog,corporate decisions
Analog,corporate governance
Analog,corporate governance guidelines
Analog,corporate governance including
Analog,corporate governance listing
Analog,corporate governance requirements
Analog,corporate governance standards
Analog,corporate governancenominating
Analog,corporate governancenominating social
Analog,corporations board
Analog,creation
Analog,credit risk management
Analog,customer
Analog,customer diligence
Analog,customer experience
Analog,customer product
Analog,customer satisfaction
Analog,customer user experience
Analog,customers
Analog,customers business
Analog,customers customers
Analog,customers experience
Analog,customers experienced
Analog,customers experiences
Analog,customers generally
Analog,customers like
Analog,customers properly
Analog,customers risk control
Analog,customers service
Analog,decisionmaking
Analog,defined risk
Analog,digital
Analog,digital technology
Analog,draw new talent
Analog,ecosystem
Analog,enterprise risk
Analog,enterprise risk management
Analog,environmental sustainability
Analog,esg
Analog,esg matters
Analog,esg practices
Analog,esg practices disclosures
Analog,esg practices oversight
Analog,establish risk
Analog,examining audit
Analog,execute strategic
Analog,execute strategic plan
Analog,execution strategic
Analog,execution strategic plan
Analog,executive leadership
Analog,experience
Analog,experience product
Analog,experienced talent
Analog,experienced talent area
Analog,finance corporate governance
Analog,finance corporate governancenominating
Analog,governance
Analog,governance investigation
Analog,governance structure
Analog,growth
Analog,growth aspirations
Analog,growth pick
Analog,growth plan
Analog,growth plans
Analog,implement strategic
Analog,including risk
Analog,industrial operating model
Analog,information regarding risk
Analog,innovate
Analog,innovating
Analog,innovation
Analog,innovation commercial
Analog,innovation commercial industrial
Analog,innovation overall
Analog,innovation sector
Analog,intelligence
Analog,internal audit
Analog,key strategic
Analog,leader
Analog,leader role
Analog,leaders
Analog,leadership
Analog,leadership board
Analog,leadership development
Analog,leadership group
Analog,leadership group previously
Analog,leadership office
Analog,leadership predict
Analog,leadership style
Analog,leadership team
Analog,leadership team memberexecutive
Analog,leadership worked
Analog,leadership worked closely
Analog,linked ecosystem
Analog,liquidity risk management
Analog,longtime leaders
Analog,maintain risk
Analog,maintain risk management
Analog,making changes
Analog,making customers
Analog,manage market risk
Analog,manage rate risk
Analog,manage risks
Analog,management
Analog,management framework risk
Analog,management operational risk
Analog,management risk
Analog,management risk committee
Analog,management setting
Analog,management structure
Analog,managements control
Analog,managing
Analog,managing rate risk
Analog,market risk management
Analog,memberexecutive leadership
Analog,memberexecutive leadership team
Analog,mentor
Analog,mitigates risk
Analog,model risk management
Analog,net promoter
Analog,net promoter score
Analog,networks
Analog,new strategic
Analog,new strategic plan
Analog,new talent
Analog,operating model
Analog,operating model focused
Analog,operational risk management
Analog,operations risk management
Analog,organization
Analog,organizational
Analog,organizations
Analog,planning
Analog,promoter score
Analog,promoter scores
Analog,rate risk management
Analog,realize strategic
Analog,repricing risk
Analog,resilience
Analog,resilience risk
Analog,resiliency
Analog,retrospective
Analog,retrospective application
Analog,risk
Analog,risk associated
Analog,risk based
Analog,risk better
Analog,risk changes
Analog,risk compliance management
Analog,risk control
Analog,risk control environment
Analog,risk control infrastructure
Analog,risk control investments
Analog,risk controls
Analog,risk defined
Analog,risk defined risk
Analog,risk encompasses
Analog,risk firm
Analog,risk following
Analog,risk following managements
Analog,risk form
Analog,risk governance
Analog,risk investment
Analog,risk limits
Analog,risk loss
Analog,risk managed
Analog,risk management
Analog,risk management committee
Analog,risk management compliance
Analog,risk management framework
Analog,risk management group
Analog,risk management pages
Analog,risk management practices
Analog,risk management program
Analog,risk management responsible
Analog,risk management strategies
Analog,risk management var
Analog,risk matters
Analog,risk measures
Analog,risk models
Analog,risk monitoring
Analog,risk policies
Analog,risk position
Analog,risk potential
Analog,risk problems
Analog,risk problems stirred
Analog,risk programs
Analog,risk refers
Analog,risk related
Analog,risk represents
Analog,risk review
Analog,risk risk
Analog,risk systems
Analog,riskbased approach
Analog,riskinterest
Analog,riskmanagement
Analog,riskmanagement framework
Analog,riskmanagement systems
Analog,risks
Analog,risks risks
Analog,scenario change
Analog,scenarios
Analog,scenarios presented
Analog,senior leaders
Analog,senior leadership
Analog,shareholders
Analog,specific sustainable
Analog,stakeholders
Analog,strategic
Analog,strategic financial
Analog,strategic financial goals
Analog,strategic focus
Analog,strategic growth
Analog,strategic initiatives
Analog,strategic investments
Analog,strategic partnership
Analog,strategic plan
Analog,strategic priorities
Analog,strategic realignment
Analog,strategic relationship
Analog,strategic risk
Analog,strategic solutions
Analog,strategic transactions
Analog,structure
Analog,structure risk management
Analog,sustainability
Analog,sustainable
Analog,talent
Analog,talent acquisition
Analog,talent recent study
Analog,tech innovation
Analog,technological innovation
Analog,titled risk
Analog,training
Analog,vision
Analog,workforce
Analytics,ability accurately forecast
Analytics,accordingly simulation model
Analytics,accurately forecast
Analytics,accurately forecast future
Analytics,acknowledge stress builds
Analytics,act stress
Analytics,act stress test
Analytics,adequately predict forecast
Analytics,administer new stress
Analytics,ai
Analytics,ai expert
Analytics,ai knowledge
Analytics,ai models
Analytics,analysis governance
Analytics,analysis predicting
Analytics,analysis predicting future
Analytics,analysts forecast
Analytics,analysts forecasting
Analytics,analysts forecasting time
Analytics,analytical forecasting
Analytics,analytical forecasting models
Analytics,analytics
Analytics,analytics program
Analytics,anticipating economic
Analytics,appearing report
Analytics,apply stress
Analytics,apply stress test
Analytics,artificial intelligence
Analytics,artificial intelligence better
Analytics,artificial intelligence generate
Analytics,artificial intelligence machine
Analytics,artificial intelligence programs
Analytics,assess risk
Analytics,assigned reporting
Analytics,begin reporting
Analytics,begin reporting reporting
Analytics,built generative
Analytics,built generative ai
Analytics,business reported
Analytics,business reporting
Analytics,capacity restrictions
Analytics,capacity restrictions movement
Analytics,capital stress testing
Analytics,case fraud detectable
Analytics,catch fraud
Analytics,certain credit
Analytics,certain fraudrelated
Analytics,change forecasting
Analytics,chatbot generative ai
Analytics,churn
Analytics,classification
Analytics,collects processes
Analytics,coming reports
Analytics,comment report
Analytics,companys forecasted
Analytics,compliance
Analytics,compliance activities
Analytics,compliance activities globally
Analytics,compliance conduct
Analytics,compliance frameworks
Analytics,compliance frameworks global
Analytics,compliance management
Analytics,compliance management setting
Analytics,compliance operational
Analytics,compliance policies
Analytics,compliance policies procedures
Analytics,compliance processes
Analytics,compliance program
Analytics,compliance programs
Analytics,compliance programs banking
Analytics,compliance regulations
Analytics,compliance technology
Analytics,conditions forecasted
Analytics,conduct stress tests
Analytics,corporate forecast
Analytics,credit
Analytics,credit mark
Analytics,credit metrics
Analytics,credit operations
Analytics,credit performance
Analytics,credit performance medium
Analytics,credit quality
Analytics,credit quality credit
Analytics,credit rating
Analytics,credit rating equivalent
Analytics,credit ratings
Analytics,credit reporting
Analytics,credit scores
Analytics,credit scores asking
Analytics,credit scores discover
Analytics,credit scores make
Analytics,credit scores payment
Analytics,credit seek
Analytics,crediting
Analytics,creditworthiness
Analytics,customers customers
Analytics,customers data
Analytics,cutting forecast
Analytics,daily reporting
Analytics,data analytics
Analytics,data machine learning
Analytics,described report reports
Analytics,designated hedging
Analytics,determining credit
Analytics,did report
Analytics,economic forecast
Analytics,economic forecasts
Analytics,economic forecasts used
Analytics,economic hedging
Analytics,economic hedging activity
Analytics,end forecast
Analytics,end reporting
Analytics,ensure compliance
Analytics,ensure compliance processes
Analytics,estimated lifetime
Analytics,estimated lifetime losses
Analytics,evaluate scenarios
Analytics,evaluate scenarios presented
Analytics,faulty fraud
Analytics,faulty fraud detection
Analytics,fiscal
Analytics,fiscal economic
Analytics,fiscal plan
Analytics,fiscal plans
Analytics,fiscal policies
Analytics,forecast
Analytics,forecast period
Analytics,forecasted
Analytics,forecasted economic
Analytics,forecasted macroeconomic
Analytics,forecasted macroeconomic conditions
Analytics,forecasted percent
Analytics,forecasting
Analytics,forecasting models
Analytics,forecasts
Analytics,forecasts expectations
Analytics,forecasts financial
Analytics,forecasts financial results
Analytics,forecasts used
Analytics,forecasts used calculating
Analytics,fraud
Analytics,fraud customers
Analytics,fraud detectable
Analytics,fraud detectable speed
Analytics,fraud detection
Analytics,fraud detection program
Analytics,fraud improved
Analytics,funding hedging
Analytics,generative
Analytics,generative ai
Analytics,generative ai application
Analytics,generative artificial
Analytics,generative artificial intelligence
Analytics,goldmans generative ai
Analytics,group reporting
Analytics,hedging
Analytics,hedging activities
Analytics,hedging activity
Analytics,hedging portfolios
Analytics,hedging strategies
Analytics,hedging strategies currency
Analytics,include forecasts
Analytics,including credit scores
Analytics,indicative stress
Analytics,instead reporting
Analytics,intelligence machine
Analytics,intelligence machine learning
Analytics,key roles
Analytics,leverage generative ai
Analytics,lifetime
Analytics,lifetime losses
Analytics,liquidity stress tests
Analytics,machine learning
Analytics,management reporting
Analytics,model simulations
Analytics,model simulations increased
Analytics,model simulations projected
Analytics,modeling simulation
Analytics,models ai
Analytics,net economic hedging
Analytics,news report
Analytics,observed reporting
Analytics,operational performance
Analytics,oversee compliance
Analytics,oversee compliance activities
Analytics,performs stress
Analytics,performs stress test
Analytics,planning stress testing
Analytics,predictability
Analytics,previously forecast
Analytics,process determining
Analytics,productivity
Analytics,productivity savings
Analytics,proposed fiscal
Analytics,proposed stress
Analytics,reasonable supportable forecast
Analytics,reasonable supportable forecasts
Analytics,received reports
Analytics,report
Analytics,report claim
Analytics,report discussion
Analytics,report including
Analytics,report information
Analytics,report item
Analytics,report managements
Analytics,report new
Analytics,report reports
Analytics,report review
Analytics,reportable
Analytics,reported
Analytics,reporting
Analytics,reporting process
Analytics,reporting structure
Analytics,reporting unit
Analytics,reports
Analytics,reports having
Analytics,results simulation model
Analytics,risk management
Analytics,risk measures
Analytics,risk monitoring
Analytics,risk profile
Analytics,risk profiles
Analytics,risk related
Analytics,risk table
Analytics,riskbased indicators
Analytics,role
Analytics,roles
Analytics,scenario change
Analytics,scenario results
Analytics,scenario results incorporate
Analytics,scenarios
Analytics,scenarios basis
Analytics,scenarios presented
Analytics,second generative
Analytics,simulated
Analytics,simulation
Analytics,simulation impact
Analytics,simulation model
Analytics,simulation model assesses
Analytics,simulation model december
Analytics,simulation modeling
Analytics,simulations
Analytics,skills
Analytics,skills including
Analytics,strategic
Analytics,strengthen compliance
Analytics,stress
Analytics,stress events
Analytics,stress scenarios
Analytics,stress test
Analytics,stress test measure
Analytics,stress test shocks
Analytics,stress testing
Analytics,stress testing requirements
Analytics,stress tests
Analytics,stressed
Analytics,stresstest
Analytics,stresstest results
Analytics,supervisory stress test
Analytics,supervisory stress tests
Analytics,supportable forecast
Analytics,supportable forecasts
Analytics,triggers
Data,ability access
Data,access
Data,access certain data
Data,access data
Data,access data stored
Data,access information
Data,access information desirable
Data,acquiring access information
Data,allow data
Data,anonymity
Data,apis
Data,audit
Data,audit findings
Data,audit findings challenges
Data,cloud data center
Data,confidential data
Data,confidential data questions
Data,controlled access
Data,controlled access truist
Data,cybersecurity data privacy
Data,data center
Data,data center components
Data,data centers
Data,data centers year
Data,data exposed
Data,data governance
Data,data machine
Data,data management
Data,data privacy
Data,data privacy cybersecurity
Data,data privacy security
Data,data protection
Data,data protection cybersecurity
Data,data protection data
Data,data protection legislation
Data,data risk
Data,data security
Data,data sharing
Data,data storage
Data,data support
Data,data systems
Data,data thefts
Data,distributed
Data,ecl
Data,etb
Data,examining audit
Data,information security
Data,integration data
Data,integration data conversion
Data,marketplace
Data,marketplace businesses
Data,metadata
Data,minneapolis data center
Data,model validation
Data,monetize
Data,operational
Data,operational challenges
Data,operational performance
Data,operational systems
Data,ownership control
Data,personal data
Data,pipeline
Data,pipelines
Data,privacy
Data,privacy data
Data,privacy data protection
Data,privacy security
Data,protection data
Data,protection data security
Data,security
Data,storage
Data,subscription
Data,systems infrastructure
Data,validation
Technology,advances robotic process
Technology,affected incident
Technology,agile
Technology,ai
Technology,ai application
Technology,ai expert
Technology,ai knowledge
Technology,ai models
Technology,ai service
Technology,ai services
Technology,ai tool
Technology,ai tool company
Technology,ai tools
Technology,ai tools ms
Technology,ai use
Technology,apis
Technology,areas cloud
Technology,areas cloud computing
Technology,automate
Technology,automated
Technology,automation
Technology,automation autonomy
Technology,automation autonomy alternative
Technology,automation significantly
Technology,automation technology
Technology,automation technology good
Technology,began use cloud
Technology,blockchain
Technology,blockchain advances
Technology,blockchain bitcoins
Technology,blockchain technology
Technology,blockchainbased
Technology,build ai
Technology,business infrastructure
Technology,calls cloud
Technology,ci
Technology,ci ci
Technology,cloud
Technology,cloud agreed
Technology,cloud bank
Technology,cloud company
Technology,cloud company said
Technology,cloud computing
Technology,cloud computing moving
Technology,cloud computing travel
Technology,cloud correct
Technology,cloud data
Technology,cloud developed
Technology,cloud fined
Technology,cloud service
Technology,cloud services
Technology,cloud shut
Technology,cloud storage
Technology,cloudbased
Technology,cloudcomputing
Technology,cloudcomputing business
Technology,companies infrastructure
Technology,companys infrastructure
Technology,computing moving cloud
Technology,containers
Technology,controls infrastructure governance
Technology,devries
Technology,digital automation
Technology,digital automation autonomy
Technology,edge computing
Technology,edge computing decentralized
Technology,enterprise
Technology,governance
Technology,incident
Technology,incident relating
Technology,incident resulted
Technology,incidental
Technology,incidents
Technology,infrastructure
Technology,infrastructure build
Technology,infrastructure service
Technology,infrastructure service providers
Technology,infrastructure streamline
Technology,intelligence tool
Technology,like edge computing
Technology,models ai
Technology,penetration
Technology,platforms
Technology,running cloud
Technology,threat
Technology,threats
Technology,use cloud
